{
  "htf": 0.25,
  "obv": 0.35374556563052845,
  "cmf": 0.04687165935032452,
  "bb_macd": 0.09938277501914705,
  "funding": 0.1,
  "dominance": 0.15
}