{
  "htf": 0.25,
  "obv": 0.08979631275079925,
  "cmf": 0.24609166413021383,
  "bb_macd": 0.042427330095893306,
  "funding": 0.1,
  "dominance": 0.15,
  "volume": 0.02168469302309359,
  "btc_influence": 0.1
}